id,producto_id,talla_id,anio,medidas,cantidad_disponible
1,117,46,2025,,0
2,137,48,2025,,0
3,137,47,2025,,0
4,137,51,2025,,0
5,138,47,2025,,0
6,140,48,2025,,0
7,141,47,2025,,0
8,141,48,2025,,0
9,141,46,2025,,0
10,144,49,2025,,0
11,146,49,2025,,0
12,153,49,2025,,0
13,143,47,2025,,0
14,143,48,2025,,0
15,147,49,2025,,0
16,150,48,2025,,0
17,150,46,2025,,0
18,150,47,2025,,0
19,132,47,2025,,0
20,132,46,2025,,0
21,100,49,2025,,0
22,101,49,2025,,0
23,142,47,2025,,0
24,158,47,2025,,0
25,98,49,2025,,0
26,69,39,2025,,0
27,69,36,2025,,0
28,69,38,2025,,0
29,71,35,2025,,0
30,71,42,2025,,0
31,71,40,2025,,0
32,71,38,2025,,0
33,71,36,2025,,0
34,71,39,2025,,0
35,71,45,2025,,0
36,71,43,2025,,0
37,71,41,2025,,0
38,71,44,2025,,0
39,72,38,2025,,0
40,72,42,2025,,0
41,72,35,2025,,0
42,72,43,2025,,0
43,72,40,2025,,0
44,72,39,2025,,0
45,74,42,2025,,0
46,74,43,2025,,0
47,74,39,2025,,0
48,75,39,2025,,0
49,75,35,2025,,0
50,75,41,2025,,0
51,75,40,2025,,0
52,75,44,2025,,0
53,78,35,2025,,0
54,78,19,2025,,0
55,78,28,2025,,0
56,78,38,2025,,0
57,78,29,2025,,0
58,78,11,2025,,0
59,79,38,2025,,0
60,79,35,2025,,0
61,79,28,2025,,0
62,79,11,2025,,0
63,79,29,2025,,0
64,79,20,2025,,0
65,79,19,2025,,0
66,81,35,2025,,0
67,84,36,2025,,0
68,84,28,2025,,0
69,84,35,2025,,0
70,84,29,2025,,0
71,84,38,2025,,0
72,84,20,2025,,0
73,108,51,2025,,0
74,109,46,2025,,0
75,109,48,2025,,0
76,109,51,2025,,0
77,52,26,2025,,0
78,29,47,2025,,0
79,29,46,2025,,0
80,29,48,2025,,0
81,30,48,2025,,0
82,31,48,2025,,0
83,31,47,2025,,0
84,31,46,2025,,0
85,31,50,2025,,0
86,31,51,2025,,0
87,31,26,2025,,0
88,32,47,2025,,0
89,32,48,2025,,0
90,32,46,2025,,0
91,32,50,2025,,0
92,32,51,2025,,0
93,33,47,2025,,0
94,33,48,2025,,0
95,33,46,2025,,0
96,33,50,2025,,0
97,33,26,2025,,0
98,49,48,2025,,0
99,36,48,2025,,0
100,36,51,2025,,0
101,36,47,2025,,0
102,36,46,2025,,0
103,36,27,2025,,0
104,36,52,2025,,0
105,37,48,2025,,0
106,37,47,2025,,0
107,37,51,2025,,0
108,37,46,2025,,0
109,38,47,2025,,0
110,38,48,2025,,0
111,39,48,2025,,0
112,39,47,2025,,0
113,39,46,2025,,0
114,39,51,2025,,0
115,39,52,2025,,0
116,40,51,2025,,0
117,40,46,2025,,0
118,40,47,2025,,0
119,40,48,2025,,0
120,41,47,2025,,0
121,41,51,2025,,0
122,41,48,2025,,0
123,41,46,2025,,0
124,41,50,2025,,0
125,42,48,2025,,0
126,43,51,2025,,0
127,43,47,2025,,0
128,43,50,2025,,0
129,87,25,2025,,0
130,21,48,2025,,0
131,21,47,2025,,0
132,21,51,2025,,0
133,21,46,2025,,0
134,22,48,2025,,0
135,22,47,2025,,0
136,22,51,2025,,0
137,22,46,2025,,0
138,22,27,2025,,0
139,23,46,2025,,0
140,23,48,2025,,0
141,23,47,2025,,0
142,23,51,2025,,0
143,23,52,2025,,0
144,24,46,2025,,0
145,24,47,2025,,0
146,24,48,2025,,0
147,24,51,2025,,0
148,24,52,2025,,0
149,85,25,2025,,0
150,88,46,2025,,0
151,89,48,2025,,0
152,89,51,2025,,0
153,89,47,2025,,0
154,89,46,2025,,0
155,90,48,2025,,0
156,91,47,2025,,0
157,91,48,2025,,0
158,91,46,2025,,0
159,91,51,2025,,0
160,11,25,2025,,0
161,11,24,2025,,0
162,11,23,2025,,0
163,11,21,2025,,0
164,11,27,2025,,0
165,11,17,2025,,0
166,11,26,2025,,0
167,11,22,2025,,0
168,11,31,2025,,0
169,12,22,2025,,0
170,12,25,2025,,0
171,12,23,2025,,0
172,12,26,2025,,0
173,12,24,2025,,0
174,12,17,2025,,0
175,12,27,2025,,0
176,12,21,2025,,0
177,12,31,2025,,0
178,13,23,2025,,0
179,14,23,2025,,0
180,14,26,2025,,0
181,14,21,2025,,0
182,14,25,2025,,0
183,14,30,2025,,0
184,14,27,2025,,0
185,17,6,2025,,0
186,17,35,2025,,0
187,17,3,2025,,0
188,17,44,2025,,0
189,17,5,2025,,0
190,17,40,2025,,0
191,17,25,2025,,0
192,18,44,2025,,0
193,18,5,2025,,0
194,18,40,2025,,0
195,18,10,2025,,0
196,18,3,2025,,0
197,18,27,2025,,0
198,18,6,2025,,0
199,19,6,2025,,0
200,19,5,2025,,0
201,19,40,2025,,0
202,19,44,2025,,0
203,19,35,2025,,0
204,19,3,2025,,0
205,96,48,2025,,0
206,96,47,2025,,0
207,1,22,2025,,0
208,1,25,2025,,0
209,1,26,2025,,0
210,1,23,2025,,0
211,2,25,2025,,0
212,2,27,2025,,0
213,2,26,2025,,0
214,2,21,2025,,0
215,2,23,2025,,0
216,2,22,2025,,0
217,3,22,2025,,0
218,3,25,2025,,0
219,3,24,2025,,0
220,3,21,2025,,0
221,3,23,2025,,0
222,3,26,2025,,0
223,3,27,2025,,0
224,4,23,2025,,0
225,4,26,2025,,0
226,4,21,2025,,0
227,4,25,2025,,0
228,4,30,2025,,0
229,4,27,2025,,0
230,5,25,2025,,0
231,5,24,2025,,0
232,5,23,2025,,0
233,5,21,2025,,0
234,5,26,2025,,0
235,5,27,2025,,0
236,5,22,2025,,0
237,5,31,2025,,0
238,7,6,2025,,0
239,7,3,2025,,0
240,7,35,2025,,0
241,7,44,2025,,0
242,7,8,2025,,0
243,7,40,2025,,0
244,8,44,2025,,0
245,8,23,2025,,0
246,8,35,2025,,0
247,9,44,2025,,0
248,9,6,2025,,0
249,9,5,2025,,0
250,9,40,2025,,0
251,9,23,2025,,0
252,9,3,2025,,0
253,9,35,2025,,0
254,9,10,2025,,0
255,9,27,2025,,0
256,9,17,2025,,0
257,16,23,2025,,0
258,16,21,2025,,0
259,20,5,2025,,0
260,53,35,2025,,0
261,53,40,2025,,0
262,55,38,2025,,0
263,56,38,2025,,0
264,56,39,2025,,0
265,56,35,2025,,0
266,56,40,2025,,0
267,56,44,2025,,0
268,56,41,2025,,0
269,56,42,2025,,0
270,56,43,2025,,0
271,56,17,2025,,0
272,56,36,2025,,0
273,57,35,2025,,0
274,57,42,2025,,0
275,57,38,2025,,0
276,57,36,2025,,0
277,57,45,2025,,0
278,57,39,2025,,0
279,57,41,2025,,0
280,57,44,2025,,0
281,57,40,2025,,0
282,58,38,2025,,0
283,58,39,2025,,0
284,58,40,2025,,0
285,58,44,2025,,0
286,58,42,2025,,0
287,58,43,2025,,0
288,58,36,2025,,0
289,59,38,2025,,0
290,59,40,2025,,0
291,59,42,2025,,0
292,59,35,2025,,0
293,59,39,2025,,0
294,59,43,2025,,0
295,59,44,2025,,0
296,59,41,2025,,0
297,59,1,2025,,0
298,60,20,2025,,0
299,60,12,2025,,0
300,60,28,2025,,0
301,64,35,2025,,0
302,64,38,2025,,0
303,64,19,2025,,0
304,64,28,2025,,0
305,64,20,2025,,0
306,64,11,2025,,0
307,64,12,2025,,0
308,64,29,2025,,0
309,64,36,2025,,0
310,64,40,2025,,0
311,117,47,2025,,0
312,117,48,2025,,0
313,117,51,2025,,0
314,119,49,2025,,0
315,123,49,2025,,0
316,137,46,2025,,0
317,145,49,2025,,0
318,156,49,2025,,0
319,151,49,2025,,0
320,142,48,2025,,0
321,69,35,2025,,0
322,69,41,2025,,0
323,69,42,2025,,0
324,69,40,2025,,0
325,69,44,2025,,0
326,69,45,2025,,0
327,69,1,2025,,0
328,71,1,2025,,0
329,72,41,2025,,0
330,72,44,2025,,0
331,75,36,2025,,0
332,75,38,2025,,0
333,75,42,2025,,0
334,75,1,2025,,0
335,75,43,2025,,0
336,76,41,2025,,0
337,76,42,2025,,0
338,76,40,2025,,0
339,76,44,2025,,0
340,76,43,2025,,0
341,76,39,2025,,0
342,76,38,2025,,0
343,79,36,2025,,0
344,80,28,2025,,0
345,80,35,2025,,0
346,80,29,2025,,0
347,80,38,2025,,0
348,80,19,2025,,0
349,80,20,2025,,0
350,80,12,2025,,0
351,81,11,2025,,0
352,81,38,2025,,0
353,81,40,2025,,0
354,81,28,2025,,0
355,81,36,2025,,0
356,81,19,2025,,0
357,81,20,2025,,0
358,81,29,2025,,0
359,83,38,2025,,0
360,83,19,2025,,0
361,83,35,2025,,0
362,83,28,2025,,0
363,84,11,2025,,0
364,84,19,2025,,0
365,84,42,2025,,0
366,84,40,2025,,0
367,84,39,2025,,0
368,108,48,2025,,0
369,108,47,2025,,0
370,108,46,2025,,0
371,109,47,2025,,0
372,52,23,2025,,0
373,35,25,2025,,0
374,35,26,2025,,0
375,28,48,2025,,0
376,28,47,2025,,0
377,28,46,2025,,0
378,28,51,2025,,0
379,28,52,2025,,0
380,30,51,2025,,0
381,30,46,2025,,0
382,30,47,2025,,0
383,30,27,2025,,0
384,30,53,2025,,0
385,31,52,2025,,0
386,32,53,2025,,0
387,32,52,2025,,0
388,33,51,2025,,0
389,33,27,2025,,0
390,86,47,2025,,0
391,86,23,2025,,0
392,44,47,2025,,0
393,45,46,2025,,0
394,45,47,2025,,0
395,45,51,2025,,0
396,45,48,2025,,0
397,46,46,2025,,0
398,46,47,2025,,0
399,46,51,2025,,0
400,46,48,2025,,0
401,47,46,2025,,0
402,47,47,2025,,0
403,48,48,2025,,0
404,48,47,2025,,0
405,48,51,2025,,0
406,48,46,2025,,0
407,48,53,2025,,0
408,48,52,2025,,0
409,49,51,2025,,0
410,49,47,2025,,0
411,49,46,2025,,0
412,37,52,2025,,0
413,37,27,2025,,0
414,38,46,2025,,0
415,40,27,2025,,0
416,40,52,2025,,0
417,41,52,2025,,0
418,42,47,2025,,0
419,42,46,2025,,0
420,42,51,2025,,0
421,43,46,2025,,0
422,43,48,2025,,0
423,43,52,2025,,0
424,43,53,2025,,0
425,27,27,2025,,0
426,27,26,2025,,0
427,87,27,2025,,0
428,21,52,2025,,0
429,22,52,2025,,0
430,23,27,2025,,0
431,23,26,2025,,0
432,25,51,2025,,0
433,25,47,2025,,0
434,25,48,2025,,0
435,25,46,2025,,0
436,88,48,2025,,0
437,89,23,2025,,0
438,89,52,2025,,0
439,90,46,2025,,0
440,90,47,2025,,0
441,90,51,2025,,0
442,90,52,2025,,0
443,11,47,2025,,0
444,12,30,2025,,0
445,13,25,2025,,0
446,13,21,2025,,0
447,13,26,2025,,0
448,13,24,2025,,0
449,13,27,2025,,0
450,14,24,2025,,0
451,14,22,2025,,0
452,17,48,2025,,0
453,17,19,2025,,0
454,17,8,2025,,0
455,17,10,2025,,0
456,18,35,2025,,0
457,18,17,2025,,0
458,18,15,2025,,0
459,18,8,2025,,0
460,18,25,2025,,0
461,19,23,2025,,0
462,19,19,2025,,0
463,19,8,2025,,0
464,95,48,2025,,0
465,1,27,2025,,0
466,1,21,2025,,0
467,1,24,2025,,0
468,2,47,2025,,0
469,2,24,2025,,0
470,2,30,2025,,0
471,3,30,2025,,0
472,4,24,2025,,0
473,4,31,2025,,0
474,6,23,2025,,0
475,8,5,2025,,0
476,8,3,2025,,0
477,8,6,2025,,0
478,8,40,2025,,0
479,8,8,2025,,0
480,8,10,2025,,0
481,8,48,2025,,0
482,9,8,2025,,0
483,10,3,2025,,0
484,10,6,2025,,0
485,10,44,2025,,0
486,10,5,2025,,0
487,10,40,2025,,0
488,10,35,2025,,0
489,10,8,2025,,0
490,10,10,2025,,0
491,20,3,2025,,0
492,20,6,2025,,0
493,20,17,2025,,0
494,67,29,2025,,0
495,67,19,2025,,0
496,53,41,2025,,0
497,53,45,2025,,0
498,53,36,2025,,0
499,53,38,2025,,0
500,53,44,2025,,0
501,53,39,2025,,0
502,53,42,2025,,0
503,54,43,2025,,0
504,54,39,2025,,0
505,54,38,2025,,0
506,54,40,2025,,0
507,54,45,2025,,0
508,54,3,2025,,0
509,54,1,2025,,0
510,55,1,2025,,0
511,58,41,2025,,0
512,59,36,2025,,0
513,60,19,2025,,0
514,60,11,2025,,0
515,60,38,2025,,0
516,60,36,2025,,0
517,60,35,2025,,0
518,60,29,2025,,0
519,64,41,2025,,0
520,65,36,2025,,0
521,65,28,2025,,0
522,65,29,2025,,0
523,65,11,2025,,0
524,65,35,2025,,0
525,65,20,2025,,0
526,65,19,2025,,0
527,65,38,2025,,0
528,65,12,2025,,0
529,102,49,2025,,0
530,117,49,2025,,0
531,137,52,2025,,0
532,138,48,2025,,0
533,124,49,2025,,0
534,136,51,2025,,0
535,136,46,2025,,0
536,136,47,2025,,0
537,118,46,2025,,0
538,118,48,2025,,0
539,118,47,2025,,0
540,118,49,2025,,0
541,118,51,2025,,0
542,135,46,2025,,0
543,135,49,2025,,0
544,135,47,2025,,0
545,135,48,2025,,0
546,135,51,2025,,0
547,112,49,2025,,0
548,125,49,2025,,0
549,116,38,2025,,0
550,132,48,2025,,0
551,158,48,2025,,0
552,158,46,2025,,0
553,97,49,2025,,0
554,107,51,2025,,0
555,107,48,2025,,0
556,70,45,2025,,0
557,70,40,2025,,0
558,70,38,2025,,0
559,70,39,2025,,0
560,70,44,2025,,0
561,70,42,2025,,0
562,70,1,2025,,0
563,70,41,2025,,0
564,70,43,2025,,0
565,70,35,2025,,0
566,72,36,2025,,0
567,72,1,2025,,0
568,72,3,2025,,0
569,73,40,2025,,0
570,73,35,2025,,0
571,73,42,2025,,0
572,73,36,2025,,0
573,73,38,2025,,0
574,82,28,2025,,0
575,82,19,2025,,0
576,82,35,2025,,0
577,82,38,2025,,0
578,82,29,2025,,0
579,82,36,2025,,0
580,82,20,2025,,0
581,82,39,2025,,0
582,82,40,2025,,0
583,82,11,2025,,0
584,82,12,2025,,0
585,108,49,2025,,0
586,52,48,2025,,0
587,35,47,2025,,0
588,105,47,2025,,0
589,105,48,2025,,0
590,105,51,2025,,0
591,106,47,2025,,0
592,106,48,2025,,0
593,106,46,2025,,0
594,29,51,2025,,0
595,29,50,2025,,0
596,31,53,2025,,0
597,34,48,2025,,0
598,34,51,2025,,0
599,34,47,2025,,0
600,86,27,2025,,0
601,86,25,2025,,0
602,86,26,2025,,0
603,44,48,2025,,0
604,44,51,2025,,0
605,44,46,2025,,0
606,46,52,2025,,0
607,47,48,2025,,0
608,49,53,2025,,0
609,49,52,2025,,0
610,49,50,2025,,0
611,50,23,2025,,0
612,38,51,2025,,0
613,38,52,2025,,0
614,40,53,2025,,0
615,41,53,2025,,0
616,42,53,2025,,0
617,42,52,2025,,0
618,27,30,2025,,0
619,27,47,2025,,0
620,27,48,2025,,0
621,27,21,2025,,0
622,87,17,2025,,0
623,87,23,2025,,0
624,87,26,2025,,0
625,87,21,2025,,0
626,87,51,2025,,0
627,25,52,2025,,0
628,93,48,2025,,0
629,93,47,2025,,0
630,93,52,2025,,0
631,94,46,2025,,0
632,94,48,2025,,0
633,94,47,2025,,0
634,94,51,2025,,0
635,85,26,2025,,0
636,85,10,2025,,0
637,88,47,2025,,0
638,90,38,2025,,0
639,90,5,2025,,0
640,91,53,2025,,0
641,110,46,2025,,0
642,11,30,2025,,0
643,13,30,2025,,0
644,18,19,2025,,0
645,18,38,2025,,0
646,19,10,2025,,0
647,95,47,2025,,0
648,95,51,2025,,0
649,95,46,2025,,0
650,95,52,2025,,0
651,96,51,2025,,0
652,96,52,2025,,0
653,96,46,2025,,0
654,1,32,2025,,0
655,1,31,2025,,0
656,1,30,2025,,0
657,1,18,2025,,0
658,4,22,2025,,0
659,5,30,2025,,0
660,5,32,2025,,0
661,6,25,2025,,0
662,6,26,2025,,0
663,6,21,2025,,0
664,6,24,2025,,0
665,6,27,2025,,0
666,6,22,2025,,0
667,6,18,2025,,0
668,7,5,2025,,0
669,7,10,2025,,0
670,8,26,2025,,0
671,9,19,2025,,0
672,9,38,2025,,0
673,16,26,2025,,0
674,20,8,2025,,0
675,20,44,2025,,0
676,20,25,2025,,0
677,20,40,2025,,0
678,20,10,2025,,0
679,20,35,2025,,0
680,66,40,2025,,0
681,66,39,2025,,0
682,66,38,2025,,0
683,66,41,2025,,0
684,66,42,2025,,0
685,66,44,2025,,0
686,66,45,2025,,0
687,66,36,2025,,0
688,66,35,2025,,0
689,66,43,2025,,0
690,66,20,2025,,0
691,66,16,2025,,0
692,66,1,2025,,0
693,66,3,2025,,0
694,67,28,2025,,0
695,67,35,2025,,0
696,67,36,2025,,0
697,67,38,2025,,0
698,67,20,2025,,0
699,67,40,2025,,0
700,67,11,2025,,0
701,67,44,2025,,0
702,53,1,2025,,0
703,54,42,2025,,0
704,54,41,2025,,0
705,54,44,2025,,0
706,56,1,2025,,0
707,57,1,2025,,0
708,57,43,2025,,0
709,58,45,2025,,0
710,58,35,2025,,0
711,58,1,2025,,0
712,59,45,2025,,0
713,61,35,2025,,0
714,61,28,2025,,0
715,62,12,2025,,0
716,62,19,2025,,0
717,62,28,2025,,0
718,62,35,2025,,0
719,62,20,2025,,0
720,62,36,2025,,0
721,62,38,2025,,0
722,62,29,2025,,0
723,62,15,2025,,0
724,62,40,2025,,0
725,64,15,2025,,0
726,115,40,2025,,0
727,121,49,2025,,0
728,130,49,2025,,0
729,152,49,2025,,0
730,104,49,2025,,0
731,111,47,2025,,0
732,111,48,2025,,0
733,111,46,2025,,0
734,69,43,2025,,0
735,70,36,2025,,0
736,71,3,2025,,0
737,71,2,2025,,0
738,73,39,2025,,0
739,73,41,2025,,0
740,73,44,2025,,0
741,73,2,2025,,0
742,73,43,2025,,0
743,74,44,2025,,0
744,74,40,2025,,0
745,74,38,2025,,0
746,76,35,2025,,0
747,76,1,2025,,0
748,78,36,2025,,0
749,78,20,2025,,0
750,78,40,2025,,0
751,79,40,2025,,0
752,79,42,2025,,0
753,80,11,2025,,0
754,81,39,2025,,0
755,108,50,2025,,0
756,35,32,2025,,0
757,35,23,2025,,0
758,35,30,2025,,0
759,35,15,2025,,0
760,35,46,2025,,0
761,35,21,2025,,0
762,35,16,2025,,0
763,35,31,2025,,0
764,35,17,2025,,0
765,29,23,2025,,0
766,29,25,2025,,0
767,29,26,2025,,0
768,29,6,2025,,0
769,29,52,2025,,0
770,30,26,2025,,0
771,30,6,2025,,0
772,30,50,2025,,0
773,30,52,2025,,0
774,31,6,2025,,0
775,32,25,2025,,0
776,34,46,2025,,0
777,26,30,2025,,0
778,26,26,2025,,0
779,26,27,2025,,0
780,50,48,2025,,0
781,50,31,2025,,0
782,37,53,2025,,0
783,37,26,2025,,0
784,38,50,2025,,0
785,39,53,2025,,0
786,39,50,2025,,0
787,41,30,2025,,0
788,42,26,2025,,0
789,42,50,2025,,0
790,27,25,2025,,0
791,27,32,2025,,0
792,27,23,2025,,0
793,27,31,2025,,0
794,27,17,2025,,0
795,87,30,2025,,0
796,21,30,2025,,0
797,21,53,2025,,0
798,21,27,2025,,0
799,22,30,2025,,0
800,22,53,2025,,0
801,23,53,2025,,0
802,23,30,2025,,0
803,24,53,2025,,0
804,25,53,2025,,0
805,88,52,2025,,0
806,88,51,2025,,0
807,88,50,2025,,0
808,88,53,2025,,0
809,89,53,2025,,0
810,90,25,2025,,0
811,91,52,2025,,0
812,91,50,2025,,0
813,110,48,2025,,0
814,12,18,2025,,0
815,13,17,2025,,0
816,13,22,2025,,0
817,13,18,2025,,0
818,14,17,2025,,0
819,14,18,2025,,0
820,14,31,2025,,0
821,14,37,2025,,0
822,18,21,2025,,0
823,18,7,2025,,0
824,18,13,2025,,0
825,19,7,2025,,0
826,19,13,2025,,0
827,1,17,2025,,0
828,1,37,2025,,0
829,2,17,2025,,0
830,2,18,2025,,0
831,3,17,2025,,0
832,3,31,2025,,0
833,4,17,2025,,0
834,5,17,2025,,0
835,5,18,2025,,0
836,5,37,2025,,0
837,6,17,2025,,0
838,6,31,2025,,0
839,6,32,2025,,0
840,7,21,2025,,0
841,7,19,2025,,0
842,7,7,2025,,0
843,7,25,2025,,0
844,8,25,2025,,0
845,10,13,2025,,0
846,16,25,2025,,0
847,20,26,2025,,0
848,53,43,2025,,0
849,54,36,2025,,0
850,54,35,2025,,0
851,61,19,2025,,0
852,61,38,2025,,0
853,61,29,2025,,0
854,63,35,2025,,0
855,63,39,2025,,0
856,63,28,2025,,0
857,63,29,2025,,0
858,63,40,2025,,0
859,63,36,2025,,0
860,63,12,2025,,0
861,63,19,2025,,0
862,64,16,2025,,0
863,64,39,2025,,0
864,65,16,2025,,0
865,65,40,2025,,0
866,19,46,2025,,0
867,9,46,2025,,0
868,28,27,2025,,0
869,34,27,2025,,0
870,36,50,2025,,0
871,36,30,2025,,0
872,36,53,2025,,0
873,38,30,2025,,0
874,87,47,2025,,0
875,87,48,2025,,0
876,21,50,2025,,0
877,22,50,2025,,0
878,9,26,2025,,0
879,55,36,2025,,0
880,55,40,2025,,0
881,61,11,2025,,0
882,61,12,2025,,0
883,61,20,2025,,0
884,61,36,2025,,0
885,120,49,2025,,0
886,138,46,2025,,0
887,138,51,2025,,0
888,148,49,2025,,0
889,80,39,2025,,0
890,108,17,2025,,0
891,28,50,2025,,0
892,30,17,2025,,0
893,34,50,2025,,0
894,26,23,2025,,0
895,47,51,2025,,0
896,43,17,2025,,0
897,24,26,2025,,0
898,25,26,2025,,0
899,93,46,2025,,0
900,93,51,2025,,0
901,94,52,2025,,0
902,94,50,2025,,0
903,110,47,2025,,0
904,110,51,2025,,0
905,2,32,2025,,0
906,6,30,2025,,0
907,10,19,2025,,0
908,137,50,2025,,0
909,83,29,2025,,0
910,83,40,2025,,0
911,83,36,2025,,0
912,83,11,2025,,0
913,83,20,2025,,0
914,33,25,2025,,0
915,33,52,2025,,0
916,46,53,2025,,0
917,48,50,2025,,0
918,38,53,2025,,0
919,25,30,2025,,0
920,85,21,2025,,0
921,85,3,2025,,0
922,85,5,2025,,0
923,85,8,2025,,0
924,85,27,2025,,0
925,7,30,2025,,0
926,16,27,2025,,0
927,60,42,2025,,0
928,64,42,2025,,0
929,76,36,2025,,0
930,90,50,2025,,0
931,17,4,2025,,0
932,7,4,2025,,0
933,67,12,2025,,0
934,64,14,2025,,0
935,115,1,2025,,0
936,115,38,2025,,0
937,115,42,2025,,0
938,115,35,2025,,0
939,115,28,2025,,0
940,115,44,2025,,0
941,115,19,2025,,0
942,117,52,2025,,0
943,137,49,2025,,0
944,138,50,2025,,0
945,136,48,2025,,0
946,136,49,2025,,0
947,113,49,2025,,0
948,135,52,2025,,0
949,111,51,2025,,0
950,70,3,2025,,0
951,70,29,2025,,0
952,71,29,2025,,0
953,72,29,2025,,0
954,77,42,2025,,0
955,77,41,2025,,0
956,77,35,2025,,0
957,79,12,2025,,0
958,79,39,2025,,0
959,79,44,2025,,0
960,80,36,2025,,0
961,80,40,2025,,0
962,81,12,2025,,0
963,81,44,2025,,0
964,84,44,2025,,0
965,52,46,2025,,0
966,35,27,2025,,0
967,35,48,2025,,0
968,35,50,2025,,0
969,28,17,2025,,0
970,30,21,2025,,0
971,33,21,2025,,0
972,26,47,2025,,0
973,26,48,2025,,0
974,26,46,2025,,0
975,48,26,2025,,0
976,36,26,2025,,0
977,37,30,2025,,0
978,37,50,2025,,0
979,39,26,2025,,0
980,40,25,2025,,0
981,40,50,2025,,0
982,40,31,2025,,0
983,27,52,2025,,0
984,27,34,2025,,0
985,27,51,2025,,0
986,21,25,2025,,0
987,21,23,2025,,0
988,22,26,2025,,0
989,22,25,2025,,0
990,22,23,2025,,0
991,23,25,2025,,0
992,23,50,2025,,0
993,23,23,2025,,0
994,24,30,2025,,0
995,25,32,2025,,0
996,25,50,2025,,0
997,25,31,2025,,0
998,91,31,2025,,0
999,110,52,2025,,0
1000,12,40,2025,,0
1001,13,32,2025,,0
1002,14,33,2025,,0
1003,14,34,2025,,0
1004,17,26,2025,,0
1005,17,27,2025,,0
1006,19,18,2025,,0
1007,19,9,2025,,0
1008,19,27,2025,,0
1009,19,4,2025,,0
1010,3,44,2025,,0
1011,3,40,2025,,0
1012,4,32,2025,,0
1013,4,33,2025,,0
1014,4,18,2025,,0
1015,4,34,2025,,0
1016,5,16,2025,,0
1017,7,26,2025,,0
1018,8,16,2025,,0
1019,8,27,2025,,0
1020,9,18,2025,,0
1021,9,41,2025,,0
1022,10,9,2025,,0
1023,67,39,2025,,0
1024,55,43,2025,,0
1025,60,40,2025,,0
1026,65,39,2025,,0
1027,138,52,2025,,0
1028,142,46,2025,,0
1029,72,45,2025,,0
1030,74,41,2025,,0
1031,74,36,2025,,0
1032,74,35,2025,,0
1033,76,45,2025,,0
1034,84,12,2025,,0
1035,52,27,2025,,0
1036,29,21,2025,,0
1037,30,23,2025,,0
1038,30,25,2025,,0
1039,34,25,2025,,0
1040,50,52,2025,,0
1041,50,30,2025,,0
1042,50,27,2025,,0
1043,50,51,2025,,0
1044,38,27,2025,,0
1045,43,3,2025,,0
1046,87,22,2025,,0
1047,25,17,2025,,0
1048,85,30,2025,,0
1049,85,17,2025,,0
1050,85,46,2025,,0
1051,11,34,2025,,0
1052,13,34,2025,,0
1053,13,31,2025,,0
1054,18,23,2025,,0
1055,19,38,2025,,0
1056,2,31,2025,,0
1057,7,9,2025,,0
1058,8,17,2025,,0
1059,8,4,2025,,0
1060,58,3,2025,,0
1061,59,3,2025,,0
1062,61,39,2025,,0
1063,122,49,2025,,0
1064,155,49,2025,,0
1065,126,49,2025,,0
1066,127,49,2025,,0
1067,140,47,2025,,0
1068,143,46,2025,,0
1069,150,51,2025,,0
1070,149,49,2025,,0
1071,103,49,2025,,0
1072,132,51,2025,,0
1073,158,51,2025,,0
1074,107,47,2025,,0
1075,107,46,2025,,0
1076,70,19,2025,,0
1077,72,19,2025,,0
1078,84,47,2025,,0
1079,105,46,2025,,0
1080,29,17,2025,,0
1081,33,30,2025,,0
1082,34,30,2025,,0
1083,34,23,2025,,0
1084,34,52,2025,,0
1085,34,26,2025,,0
1086,27,46,2025,,0
1087,85,31,2025,,0
1088,85,23,2025,,0
1089,95,49,2025,,0
1090,96,50,2025,,0
1091,92,26,2025,,0
1092,92,23,2025,,0
1093,92,25,2025,,0
1094,92,27,2025,,0
1095,51,25,2025,,0
1096,51,30,2025,,0
1097,67,14,2025,,0
1098,63,38,2025,,0
1099,63,20,2025,,0
1100,31,23,2025,,0
1101,32,23,2025,,0
1102,14,32,2025,,0
1103,10,23,2025,,0
1104,117,50,2025,,0
1105,137,53,2025,,0
1106,74,1,2025,,0
1107,76,3,2025,,0
1108,77,40,2025,,0
1109,108,52,2025,,0
1110,108,27,2025,,0
1111,109,50,2025,,0
1112,35,51,2025,,0
1113,32,27,2025,,0
1114,86,21,2025,,0
1115,47,50,2025,,0
1116,41,26,2025,,0
1117,87,46,2025,,0
1118,87,52,2025,,0
1119,87,50,2025,,0
1120,90,49,2025,,0
1121,11,32,2025,,0
1122,11,18,2025,,0
1123,12,32,2025,,0
1124,3,18,2025,,0
1125,4,37,2025,,0
1126,8,21,2025,,0
1127,9,13,2025,,0
1128,53,19,2025,,0
1129,54,29,2025,,0
1130,56,45,2025,,0
1131,65,15,2025,,0
1132,83,12,2025,,0
1133,52,25,2025,,0
1134,86,46,2025,,0
1135,16,18,2025,,0
1136,141,49,2025,,0
1137,143,50,2025,,0
1138,70,28,2025,,0
1139,72,28,2025,,0
1140,86,48,2025,,0
1141,40,26,2025,,0
1142,24,50,2025,,0
1143,89,50,2025,,0
1144,91,40,2025,,0
1145,91,26,2025,,0
1146,7,27,2025,,0
1147,55,39,2025,,0
1148,56,28,2025,,0
1149,58,28,2025,,0
1150,141,51,2025,,0
1151,71,19,2025,,0
1152,75,19,2025,,0
1153,31,27,2025,,0
1154,47,52,2025,,0
1155,36,54,2025,,0
1156,42,27,2025,,0
1157,42,25,2025,,0
1158,2,44,2025,,0
1159,9,25,2025,,0
1160,57,29,2025,,0
1161,71,22,2025,,0
1162,73,45,2025,,0
1163,73,28,2025,,0
1164,109,52,2025,,0
1165,32,21,2025,,0
1166,32,40,2025,,0
1167,45,52,2025,,0
1168,46,25,2025,,0
1169,23,21,2025,,0
1170,53,28,2025,,0
1171,53,22,2025,,0
1172,24,31,2025,,0
1173,8,19,2025,,0
1174,55,42,2025,,0
1175,47,53,2025,,0
1176,94,53,2025,,0
1177,138,32,2025,,0
1178,86,17,2025,,0
1179,50,26,2025,,0
1180,50,21,2025,,0
1181,50,25,2025,,0
1182,36,32,2025,,0
1183,22,32,2025,,0
1184,130,48,2025,,0
1185,116,35,2025,,0
1186,131,49,2025,,0
1187,81,42,2025,,0
1188,108,31,2025,,0
1189,35,37,2025,,0
1190,105,52,2025,,0
1191,31,17,2025,,0
1192,32,31,2025,,0
1193,32,30,2025,,0
1194,32,26,2025,,0
1195,33,31,2025,,0
1196,33,23,2025,,0
1197,33,17,2025,,0
1198,40,30,2025,,0
1199,41,21,2025,,0
1200,41,35,2025,,0
1201,41,23,2025,,0
1202,42,21,2025,,0
1203,25,27,2025,,0
1204,85,44,2025,,0
1205,89,26,2025,,0
1206,19,1,2025,,0
1207,19,17,2025,,0
1208,95,30,2025,,0
1209,95,21,2025,,0
1210,96,17,2025,,0
1211,7,23,2025,,0
1212,8,1,2025,,0
1213,9,1,2025,,0
1214,16,17,2025,,0
1215,53,18,2025,,0
1216,118,52,2025,,0
1217,47,25,2025,,0
1218,87,31,2025,,0
1219,46,50,2025,,0
1220,95,50,2025,,0
1221,53,29,2025,,0
1222,128,49,2025,,0
1223,129,49,2025,,0
1224,134,49,2025,,0
1225,140,46,2025,,0
1226,139,49,2025,,0
1227,116,44,2025,,0
1228,116,40,2025,,0
1229,116,42,2025,,0
1230,142,51,2025,,0
1231,133,49,2025,,0
1232,111,49,2025,,0
1233,111,52,2025,,0
1234,77,38,2025,,0
1235,81,41,2025,,0
1236,82,41,2025,,0
1237,84,41,2025,,0
1238,84,25,2025,,0
1239,28,25,2025,,0
1240,31,25,2025,,0
1241,26,49,2025,,0
1242,26,31,2025,,0
1243,26,25,2025,,0
1244,26,33,2025,,0
1245,26,32,2025,,0
1246,26,21,2025,,0
1247,26,34,2025,,0
1248,44,52,2025,,0
1249,44,32,2025,,0
1250,50,32,2025,,0
1251,37,32,2025,,0
1252,15,25,2025,,0
1253,15,21,2025,,0
1254,15,23,2025,,0
1255,15,30,2025,,0
1256,15,26,2025,,0
1257,15,27,2025,,0
1258,8,9,2025,,0
1259,9,9,2025,,0
1260,154,49,2025,,0
1261,68,35,2025,,0
1262,68,19,2025,,0
1263,114,49,2025,,0
1264,157,49,2025,,0
1265,99,48,2025,,0
1266,107,50,2025,,0
1267,107,25,2025,,0
1268,107,53,2025,,0
1269,74,45,2025,,0
1270,109,49,2025,,0
1271,106,51,2025,,0
1272,31,30,2025,,0
1273,33,53,2025,,0
1274,48,27,2025,,0
1275,48,25,2025,,0
1276,48,31,2025,,0
1277,49,23,2025,,0
1278,42,31,2025,,0
1279,42,32,2025,,0
1280,94,25,2025,,0
1281,94,27,2025,,0
1282,90,26,2025,,0
1283,90,31,2025,,0
1284,13,16,2025,,0
1285,17,21,2025,,0
1286,17,30,2025,,0
1287,17,17,2025,,0
1288,17,31,2025,,0
1289,96,26,2025,,0
1290,96,25,2025,,0
1291,96,53,2025,,0
1292,96,31,2025,,0
1293,1,16,2025,,0
1294,7,17,2025,,0
1295,7,31,2025,,0
1296,51,23,2025,,0
1297,51,27,2025,,0
1298,51,26,2025,,0
1299,51,31,2025,,0
1300,66,29,2025,,0
1301,67,15,2025,,0
1302,67,42,2025,,0
1303,53,21,2025,,0
1304,58,21,2025,,0
1305,60,39,2025,,0
1306,63,11,2025,,0
1307,34,17,2025,,0
1308,5,33,2025,,0
1309,67,41,2025,,0
1310,38,54,2025,,0
1311,39,54,2025,,0
1312,21,54,2025,,0
1313,24,54,2025,,0
1314,18,42,2025,,0
1315,9,42,2025,,0
1316,66,28,2025,,0
1317,7,42,2025,,0
1318,7,1,2025,,0
